"Location","Activity","Day","Period","Camper","Last Name","First Name","Preferred Name","Session","Grade","Division","Cabin","Level"
"Camp","Archery","S1","1","Heidi, Amy","Heidi","Amy","Amy","Session 1","7th","All Camp","Y's Men",""
"Camp","Archery","S1","1","Mark, Michael","Mark","Michael","Michael","Session 1","7th","All Camp","Kiwanis",""
"Camp","Archery","S1","1","Hunter, Aaron","Hunter","Aaron","Aaron","Session 1","5th","All Camp","Metz",""
"Camp","Archery","S1","1","Jodi-Rhonda, Destiny","Jodi-Rhonda","Destiny","Destiny","Session 1","8th","All Camp","Triangle",""
"Camp","Archery","S1","1","David, Christopher","David","Christopher","Christopher","Session 1 and Session 6","3rd","All Camp","Friendship",""
"Camp","Archery","S1","1","Sarah, Alejandro","Sarah","Alejandro","Alejandro","Session 1","6th","All Camp","Codor",""
"Camp","Archery","S1","1","Kevin, Amber","Kevin","Ann","Amber","Session 1","5th","All Camp","Metz",""
"Camp","Archery","S1","1","Joseph Andrea, Janice","Joseph Andrea","Janice","Janice","Session 1","6th","All Camp","Ben Snyder",""
"Camp","Archery","S1","1","Brandi, Cory","Brandi","Cory","Cory","Session 1","6th","All Camp","Codor",""
"Camp","Archery","S1","1","Patrick, Deborah","Patrick","Rebecca","Deborah","Session 1 and Session 2A","5th","All Camp","Metz",""
"Camp","Archery","S1","1","Maria, Theodore","Maria","Theodore","Theodore","Session 1 and Session 6","7th","All Camp","Y's Men",""
"Camp","Archery","S1","1","Connor, Monica","Connor","Dawn","Monica","Session 1 and Session 2A","5th","All Camp","Optimist",""
"Camp","Archery","S1","1","Cheryl, Helen","Cheryl","Helen","Helen","Session 1","3rd","All Camp","Friendship",""
"Camp","Archery","S1","1","Nancy Cameron, John","Nancy Cameron","John","John","Session 1","7th","All Camp","Y's Men",""
"Camp","Archery","S1","1","Jason, Adam","Jason","Adam","Adam","Session 1","7th","All Camp","Y's Men",""
"Camp","Archery","S1","1","Justin, Amanda","Justin","Natalie","Amanda","Session 1","8th","All Camp","Triangle",""
"Camp","Archery","S1","2","Peter, Raymond","Peter","Raymond","Raymond","Session 1","8th","All Camp","Triangle",""
"Camp","Archery","S1","2","Billy, Daniel","Billy","Daniel","Daniel","Session 1","5th","All Camp","Optimist",""
"Camp","Archery","S1","2","Kyle, Meagan","Kyle","Meagan","Meagan","Session 1","4th","All Camp","Friendship",""
"Camp","Archery","S1","2","Tonya, Carolyn","Tonya","Carolyn","Carolyn","Session 1","3rd","All Camp","Fremont",""
"Camp","Archery","S1","2","Stacey, Matthew","Stacey","Matthew","Matthew","Session 1","5th","All Camp","Christopher",""
"Camp","Archery","S1","2","Erika, Sabrina","Erika","Sabrina","Sabrina","Session 1","4th","All Camp","McCallum",""
"Camp","Archery","S1","2","Frank-Marvin, Paul","Frank-Marvin","Paul","Paul","Session 1","3rd","All Camp","Steffek",""
"Camp","Archery","S1","2","Ruth, Christine","Ruth","Christine","Christine","Session 1","5th","All Camp","Christopher",""
"Camp","Archery","S1","2","Charles, Tina","Charles","Tina","Tina","Session 1","6th","All Camp","Ben Snyder",""
"Camp","Archery","S1","2","Connie, Vanessa","Connie","Vanessa","Vanessa","Session 1","7th","All Camp","Kiwanis",""
"Camp","Archery","S1","2","Emily, Elizabeth","Emily","Elizabeth","Elizabeth","Session 1","5th","All Camp","Christopher",""
"Camp","Archery","S1","2","George, Colleen","George","Colin","Colleen","Session 1","3rd","All Camp","Fremont",""
"Camp","Archery","S1","2","Ebony, Anthony","Ebony","Kerry","Anthony","Session 1","5th","All Camp","Metz",""
"Camp","Archery","S1","2","Catherine, Carl","Catherine","Carl","Carl","Session 1","5th","All Camp","Christopher",""
"Camp","Archery","S1","2","Cindy, Trevor","Cindy","Trevor","Trevor","Session 1","5th","All Camp","Featherstone",""
"Camp","Archery","S1","2","Alexandra, Mallory","Alexandra","Mallory","Mallory","Session 1","5th","All Camp","Potter",""
"Camp","Archery","S1","2","Stacy, Kari","Stacy","Kari","Kari","Session 1","4th","All Camp","Fremont",""
"Camp","Archery","S1","2","Casey, Jesus","Casey","Jesus","Jesus","Session 1","7th","All Camp","Giving",""
"Camp","Archery","S1","3","Lynn, Jeremy","Lynn","Jeremy","Jeremy","Session 1","5th","All Camp","Optimist",""
"Camp","Archery","S1","3","Haley, Dave","Haley","Dave","Dave","Session 1","3rd","All Camp","Friendship",""
"Camp","Archery","S1","3","Peter, Heather","Peter","Heather","Heather","Session 1","6th","All Camp","Lions",""
"Camp","Archery","S1","3","Regina, Russell","Regina","Russell","Russell","Session 1","7th","All Camp","Lions",""
"Camp","Archery","S1","3","Dakota, Stephanie","Dakota","Yolanda","Stephanie","Session 1","3rd","All Camp","Fremont",""
"Camp","Archery","S1","3","Donald, Pamela","Donald","Joshua","Pamela","Session 1","3rd","All Camp","Steffek",""
"Camp","Archery","S1","3","Fernando, Jonathan","Fernando","Jeffrey","Jonathan","Session 1","3rd","All Camp","Steffek",""
"Camp","Archery","S1","3","Travis, Todd","Travis","Todd","Todd","Session 1","4th","All Camp","McCallum",""
"Camp","Archery","S1","3","Paula, Sara","Paula","Sara","Sara","Session 1","7th","All Camp","Y's Men",""
"Camp","Archery","S1","3","Sean, Nicholas","Sean","Nicholas","Nicholas","Session 1","3rd","All Camp","Fremont",""
"Camp","Archery","S1","3","Perry, Anthony","Perry","Anthony","Anthony","Session 1","4th","All Camp","Dugdale",""
"Camp","Archery","S1","3","Jacqueline, Steven","Jacqueline","Steven","Steven","Session 1","6th","All Camp","Codor",""
"Camp","Archery","S1","3","Desiree, Aaron","Desiree","Mia","Aaron","Session 1","5th","All Camp","Metz",""
"Camp","Archery","S1","3","Lisa, Kristy","Lisa","Kristy","Kristy","Session 1","6th","All Camp","Alumni",""
"Camp","Archery","S1","3","Jerry, Lindsey","Jerry","Lindsey","Lindsey","Session 1 and Session 2A","4th","All Camp","Dugdale",""
"Camp","Arts & Crafts","S1","1","Wesley, Brian","Wesley","Brian","Brian","Session 1","6th","All Camp","Codor",""
"Camp","Arts & Crafts","S1","1","Stephanie, Tyler","Stephanie","Tyler","Tyler","Session 1","7th","All Camp","Kiwanis",""
"Camp","Arts & Crafts","S1","1","Kyle, Meagan","Kyle","Meagan","Meagan","Session 1","4th","All Camp","Friendship",""
"Camp","Arts & Crafts","S1","1","Caleb, Jay","Caleb","Susan","Jay","Session 1 and Session 2A","4th","All Camp","Friendship",""
"Camp","Arts & Crafts","S1","1","Stacey, Matthew","Stacey","Matthew","Matthew","Session 1","5th","All Camp","Christopher",""
"Camp","Arts & Crafts","S1","1","Debbie, Austin","Debbie","Austin","Austin","Session 1","6th","All Camp","Alumni",""
"Camp","Arts & Crafts","S1","1","Duane, Tracy","Duane","William Tanya","Tracy","Session 1","6th","All Camp","Alumni",""
"Camp","Arts & Crafts","S1","1","Megan, Lauren","Megan","Lauren","Lauren","Session 1","6th","All Camp","Codor",""
"Camp","Arts & Crafts","S1","1","Frank-Marvin, Paul","Frank-Marvin","Paul","Paul","Session 1","3rd","All Camp","Steffek",""
"Camp","Arts & Crafts","S1","1","Alison, Kathy","Alison","Laura","Kathy","Session 1 and Session 4","6th","All Camp","Codor",""
"Camp","Arts & Crafts","S1","1","Ruth, Christine","Ruth","Christine","Christine","Session 1","5th","All Camp","Christopher",""
"Camp","Arts & Crafts","S1","1","Ruth, Katie","Ruth","Katie","Katie","Session 1","4th","All Camp","Friendship",""
"Camp","Arts & Crafts","S1","1","Benjamin, Samantha","Benjamin","Samantha","Samantha","Session 1 and Session 2A","6th","All Camp","Lions",""
"Camp","Arts & Crafts","S1","1","Lisa, Kristy","Lisa","Kristy","Kristy","Session 1","6th","All Camp","Alumni",""
"Camp","Arts & Crafts","S1","1","Kelly, James","Kelly","James","James","Session 1","6th","All Camp","Codor",""
"Camp","Arts & Crafts","S1","1","Emily, Elizabeth","Emily","Elizabeth","Elizabeth","Session 1","5th","All Camp","Christopher",""
"Camp","Arts & Crafts","S1","1","Jack, Helen","Jack","Laurie","Helen","Session 1","5th","All Camp","Christopher",""
"Camp","Arts & Crafts","S1","1","Shelley, Ronald","Shelley","Ronald","Ronald","Session 1","7th","All Camp","Alumni",""
"Camp","Arts & Crafts","S1","1","Justin, Philip","Justin","Philip","Philip","Session 1","4th","All Camp","McCallum",""
"Camp","Arts & Crafts","S1","1","Robin, Ryan","Robin","Ryan","Ryan","Session 1","5th","All Camp","Christopher",""
"Camp","Arts & Crafts","S1","1","Keith, Roberta","Keith","Roberta","Roberta","Session 1","7th","All Camp","Alumni",""
"Camp","Arts & Crafts","S1","2","Haley, Dave","Haley","Dave","Dave","Session 1","3rd","All Camp","Friendship",""
"Camp","Arts & Crafts","S1","2","Heidi, Amy","Heidi","Amy","Amy","Session 1","7th","All Camp","Y's Men",""
"Camp","Arts & Crafts","S1","2","Thomas, Anna","Thomas","Anna","Anna","Session 1","3rd","All Camp","Steffek",""
"Camp","Arts & Crafts","S1","2","Julie, Madeline","Julie","Morgan","Madeline","Session 1","7th","All Camp","Giving",""
"Camp","Arts & Crafts","S1","2","Benjamin, Dave","Benjamin","Dave","Dave","Session 1 and Session 2A","6th","All Camp","Codor",""
"Camp","Arts & Crafts","S1","2","Julia, Meghan","Julia","Meghan","Meghan","Session 1","5th","All Camp","Featherstone",""
"Camp","Arts & Crafts","S1","2","Angela, Bryan","Angela","Bryan","Bryan","Session 1","4th","All Camp","Steffek",""
"Camp","Arts & Crafts","S1","2","Brandi, Andrew","Brandi","Andrew","Andrew","Session 1","4th","All Camp","McCallum",""
"Camp","Arts & Crafts","S1","2","Michelle, Linda","Michelle","Linda","Linda","Session 1","5th","All Camp","Christopher",""
"Camp","Arts & Crafts","S1","2","Cheryl, Helen","Cheryl","Helen","Helen","Session 1","3rd","All Camp","Friendship",""
"Camp","Arts & Crafts","S1","2","Ashlee, Kristine","Ashlee","Kristine","Kristine","Session 1","7th","All Camp","Giving",""
"Camp","Arts & Crafts","S1","3","Jamie, Teresa","Jamie","Brianna","Teresa","Session 1","4th","All Camp","Fremont",""
"Camp","Arts & Crafts","S1","3","Derrick-Jillian, Terri","Derrick-Jillian","Terri","Terri","Session 1","8th","All Camp","Triangle",""
"Camp","Arts & Crafts","S1","3","Daisy, Jean","Daisy","Jean","Jean","Session 1","5th","All Camp","Potter",""
"Camp","Arts & Crafts","S1","3","Gilbert, Mackenzie","Gilbert","Mackenzie","Mackenzie","Session 1","5th","All Camp","Potter",""
"Camp","Arts & Crafts","S1","3","Brittney, Brooke","Brittney","Brooke","Brooke","Session 1","5th","All Camp","Featherstone",""
"Camp","Arts & Crafts","S1","3","Stephanie-Richard, Mitchell","Stephanie-Richard","Mitchell","Mitchell","Session 1","4th","All Camp","Dugdale",""
"Camp","Arts & Crafts","S1","3","April, Adrienne","April","Isaiah","Adrienne","Session 1","8th","All Camp","Giving",""
"Camp","Arts & Crafts","S1","3","Tonya, Carolyn","Tonya","Carolyn","Carolyn","Session 1","3rd","All Camp","Fremont",""
"Camp","Arts & Crafts","S1","3","Ruth, Ashley","Ruth","Ashley","Ashley","Session 1","3rd","All Camp","Friendship",""
"Camp","Arts & Crafts","S1","3","Hunter, Kelli","Hunter","Kelli","Kelli","Session 1","3rd","All Camp","Friendship",""
"Camp","Arts & Crafts","S1","3","Glenn, Jill","Glenn","Jill","Jill","Session 1","5th","All Camp","Potter",""
"Camp","Arts & Crafts","S1","3","David, Christopher","David","Christopher","Christopher","Session 1 and Session 6","3rd","All Camp","Friendship",""
"Camp","Arts & Crafts","S1","3","Brandi, Cory","Brandi","Cory","Cory","Session 1","6th","All Camp","Codor",""
"Camp","Arts & Crafts","S1","3","Christina, Allison","Christina","Allison","Allison","Session 1 and Session 2A","7th","All Camp","Alumni",""
"Camp","Arts & Crafts","S1","3","Erin, Eric","Erin","Eric","Eric","Session 1","5th","All Camp","Christopher",""
"Camp","Arts & Crafts","S1","3","Maurice, Jasmin","Maurice","Jasmin","Jasmin","Session 1","4th","All Camp","Featherstone",""
"Camp","Arts & Crafts","S1","3","Suzanne, Nicole","Suzanne","Nicole","Nicole","Session 1 and Session 6","4th","All Camp","McCallum",""
"Camp","Arts & Crafts","S1","3","Stephen, Shane Larry","Stephen","Jimmy","Shane Larry","Session 1","8th","All Camp","Triangle",""
"Camp","Arts & Crafts","S1","3","Jaime, Janet","Jaime","Janet","Janet","Session 1","3rd","All Camp","Steffek",""
"Camp","Biking","S1","1","Jesse, Tiffany","Jesse","Tiffany","Tiffany","Session 1","8th","All Camp","Triangle",""
"Camp","Biking","S1","1","Jacqueline, Sharon","Jacqueline","Sharon","Sharon","Session 1","7th","All Camp","Y's Men",""
"Camp","Biking","S1","1","Karl, Victoria","Karl","Victoria","Victoria","Session 1","7th","All Camp","Kiwanis",""
"Camp","Biking","S1","1","Connie, Vanessa","Connie","Vanessa","Vanessa","Session 1","7th","All Camp","Kiwanis",""
"Camp","Biking","S1","1","Ashlee, Kristine","Ashlee","Kristine","Kristine","Session 1","7th","All Camp","Giving",""
"Camp","Biking","S1","2","Melissa, Tracey","Melissa","Tracey","Tracey","Session 1","6th","All Camp","Ben Snyder",""
"Camp","Biking","S1","2","Sean, Donna","Sean","Donna","Donna","Session 1","6th","All Camp","Ben Snyder",""
"Camp","Biking","S1","2","Benjamin, Samantha","Benjamin","Samantha","Samantha","Session 1 and Session 2A","6th","All Camp","Lions",""
"Camp","Biking","S1","2","Devin, Beth","Devin","Beth","Beth","Session 1","7th","All Camp","Y's Men",""
"Camp","Biking","S1","2","Marie, Alisha","Marie","Alisha","Alisha","Session 1","7th","All Camp","Kiwanis",""
"Camp","Biking","S1","2","Dawn, Diana","Dawn","Diana","Diana","Session 1","7th","All Camp","Kiwanis",""
"Camp","Biking","S1","2","Miranda, Jessica","Miranda","Jessica","Jessica","Session 1","7th","All Camp","Kiwanis",""
"Camp","Biking","S1","2","Crystal, Sydney","Crystal","Sydney","Sydney","Session 1","7th","All Camp","Kiwanis",""
"Camp","Biking","S1","3","Jasmine, Adriana","Jasmine","Adriana","Adriana","Session 1","6th","All Camp","Ben Snyder",""
"Camp","Biking","S1","3","Julie, Madeline","Julie","Morgan","Madeline","Session 1","7th","All Camp","Giving",""
"Camp","Biking","S1","3","Jennifer, Diana","Jennifer","Diana","Diana","Session 1","7th","All Camp","Kiwanis",""
"Camp","Challenge Course","S1","1","Gloria Mckenzie, Lauren","Gloria Mckenzie","Lauren","Lauren","Session 1","8th","All Camp","Giving",""
"Camp","Challenge Course","S1","1","Jasmine, Adriana","Jasmine","Adriana","Adriana","Session 1","6th","All Camp","Ben Snyder",""
"Camp","Challenge Course","S1","1","Andrea, Alexa","Andrea","Alexa","Alexa","Session 1","6th","All Camp","Ben Snyder",""
"Camp","Challenge Course","S1","1","Karen, Kaitlyn","Karen","Kaitlyn","Kaitlyn","Session 1","5th","All Camp","Metz",""
"Camp","Challenge Course","S1","1","Tamara, Kenneth","Tamara","Kenneth","Kenneth","Session 1","5th","All Camp","Potter",""
"Camp","Challenge Course","S1","1","Christina, Juan","Christina","Matthew","Juan","Session 1, Session 2A and Session 6","4th","All Camp","McCallum",""
"Camp","Challenge Course","S1","1","Suzanne, Nicole","Suzanne","Nicole","Nicole","Session 1 and Session 6","4th","All Camp","McCallum",""
"Camp","Challenge Course","S1","1","Jaime, Ronnie","Jaime","Ronnie","Ronnie","Session 1 and Session 2A","5th","All Camp","Optimist",""
"Camp","Challenge Course","S1","2","Holly, Phillip","Holly","Phillip","Phillip","Session 1","6th","All Camp","Codor",""
"Camp","Challenge Course","S1","2","Alison, Kathy","Alison","Laura","Kathy","Session 1 and Session 4","6th","All Camp","Codor",""
"Camp","Challenge Course","S1","2","Jennifer, Scott","Jennifer","Scott","Scott","Session 1","5th","All Camp","Metz",""
"Camp","Challenge Course","S1","2","Jennifer, Diana","Jennifer","Diana","Diana","Session 1","7th","All Camp","Kiwanis",""
"Camp","Challenge Course","S1","2","Erin, Eric","Erin","Eric","Eric","Session 1","5th","All Camp","Christopher",""
"Camp","Challenge Course","S1","2","Maurice, Jasmin","Maurice","Jasmin","Jasmin","Session 1","4th","All Camp","Featherstone",""
"Camp","Challenge Course","S1","2","Jason, Adam","Jason","Adam","Adam","Session 1","7th","All Camp","Y's Men",""
"Camp","Challenge Course","S1","2","Shelley, Ronald","Shelley","Ronald","Ronald","Session 1","7th","All Camp","Alumni",""
"Camp","Challenge Course","S1","2","Jaime, Janet","Jaime","Janet","Janet","Session 1","3rd","All Camp","Steffek",""
"Camp","Challenge Course","S1","2","Diane, Jacob","Diane","Brittany","Jacob","Session 1","3rd","All Camp","Steffek",""
"Camp","Challenge Course","S1","3","Jamie, Kerri","Jamie","Nathan","Kerri","Session 1","6th","All Camp","Ben Snyder",""
"Camp","Challenge Course","S1","3","Debra, Logan","Debra","Logan","Logan","Session 1","4th","All Camp","Dugdale",""
"Camp","Challenge Course","S1","3","Danielle, Lance","Danielle","Lance","Lance","Session 1","3rd","All Camp","Fremont",""
"Camp","Challenge Course","S1","3","Stephanie, Patricia Stephanie","Stephanie","Patricia","Patricia Stephanie","Session 1","5th","All Camp","Featherstone",""
"Camp","Challenge Course","S1","3","Gregory, Grace","Gregory","Mathew","Grace","Session 1","3rd","All Camp","Fremont",""
"Camp","Challenge Course","S1","3","Gregory, Katrina","Gregory","Tammy","Katrina","Session 1","4th","All Camp","McCallum",""
"Camp","Challenge Course","S1","3","Thomas, Matthew","Thomas","Matthew","Matthew","Session 1","5th","All Camp","Christopher",""
"Camp","Challenge Course","S1","3","Thomas, Anna","Thomas","Anna","Anna","Session 1","3rd","All Camp","Steffek",""
"Camp","Challenge Course","S1","3","Caleb, Jay","Caleb","Susan","Jay","Session 1 and Session 2A","4th","All Camp","Friendship",""
"Camp","Challenge Course","S1","3","Timothy, Mary","Timothy","Robert","Mary","Session 1","4th","All Camp","Dugdale",""
"Camp","Challenge Course","S1","3","Sean, Donna","Sean","Donna","Donna","Session 1","6th","All Camp","Ben Snyder",""
"Camp","Challenge Course","S1","3","Frank-Marvin, Paul","Frank-Marvin","Paul","Paul","Session 1","3rd","All Camp","Steffek",""
"Camp","Challenge Course","S1","3","Brenda, Shawn","Brenda","Shawn","Shawn","Session 1","5th","All Camp","Optimist",""
"Camp","Challenge Course","S1","3","Benjamin, Samantha","Benjamin","Samantha","Samantha","Session 1 and Session 2A","6th","All Camp","Lions",""
"Camp","Challenge Course","S1","3","Kimberly, Reginald","Kimberly","Gabriel","Reginald","Session 1","4th","All Camp","Dugdale",""
"Camp","Challenge Course","S1","3","Michelle, Linda","Michelle","Linda","Linda","Session 1","5th","All Camp","Christopher",""
"Camp","Challenge Course","S1","3","Catherine, Carl","Catherine","Carl","Carl","Session 1","5th","All Camp","Christopher",""
"Camp","Challenge Course","S1","3","Cheryl, Helen","Cheryl","Helen","Helen","Session 1","3rd","All Camp","Friendship",""
"Camp","Challenge Course","S1","3","Nancy Cameron, John","Nancy Cameron","John","John","Session 1","7th","All Camp","Y's Men",""
"Camp","Challenge Course","S1","3","Robin, Ryan","Robin","Ryan","Ryan","Session 1","5th","All Camp","Christopher",""
"Camp","Fishing","S1","1","Derrick-Jillian, Terri","Derrick-Jillian","Terri","Terri","Session 1","8th","All Camp","Triangle",""
"Camp","Fishing","S1","1","Peter, Raymond","Peter","Raymond","Raymond","Session 1","8th","All Camp","Triangle",""
"Camp","Fishing","S1","1","Billy, Daniel","Billy","Daniel","Daniel","Session 1","5th","All Camp","Optimist",""
"Camp","Fishing","S1","1","Melissa, Tracey","Melissa","Tracey","Tracey","Session 1","6th","All Camp","Ben Snyder",""
"Camp","Fishing","S1","1","Travis, Micheal","Travis","Micheal","Micheal","Session 1","7th","All Camp","Lions",""
"Camp","Fishing","S1","1","Stephanie-Richard, Mitchell","Stephanie-Richard","Mitchell","Mitchell","Session 1","4th","All Camp","Dugdale",""
"Camp","Fishing","S1","1","April, Adrienne","April","Isaiah","Adrienne","Session 1","8th","All Camp","Giving",""
"Camp","Fishing","S1","1","Tricia, Darryl","Tricia","Darryl","Darryl","Session 1","8th","All Camp","Triangle",""
"Camp","Fishing","S1","1","Derek, Denise","Derek","Denise","Denise","Session 1","5th","All Camp","Optimist",""
"Camp","Fishing","S1","1","Derek, Jeremiah","Derek","Jeremiah","Jeremiah","Session 1","7th","All Camp","Lions",""
"Camp","Fishing","S1","1","Desiree, Aaron","Desiree","Mia","Aaron","Session 1","5th","All Camp","Metz",""
"Camp","Fishing","S1","1","Charles, Tina","Charles","Tina","Tina","Session 1","6th","All Camp","Ben Snyder",""
"Camp","Fishing","S1","1","Devin, Beth","Devin","Beth","Beth","Session 1","7th","All Camp","Y's Men",""
"Camp","Fishing","S1","1","Ebony, Anthony","Ebony","Kerry","Anthony","Session 1","5th","All Camp","Metz",""
"Camp","Fishing","S1","1","Catherine, Carl","Catherine","Carl","Carl","Session 1","5th","All Camp","Christopher",""
"Camp","Fishing","S1","1","Cindy, Trevor","Cindy","Trevor","Trevor","Session 1","5th","All Camp","Featherstone",""
"Camp","Fishing","S1","1","Stephen, Shane Larry","Stephen","Jimmy","Shane Larry","Session 1","8th","All Camp","Triangle",""
"Camp","Fishing","S1","1","Stacy, Kari","Stacy","Kari","Kari","Session 1","4th","All Camp","Fremont",""
"Camp","Fishing","S1","1","Albert, Evelyn","Albert","Evelyn","Evelyn","Session 1","7th","All Camp","Lions",""
"Camp","Fishing","S1","1","Shannon, Sydney","Shannon","Sydney","Sydney","Session 1","7th","All Camp","Lions",""
"Camp","Fishing","S1","2","Gloria Mckenzie, Lauren","Gloria Mckenzie","Lauren","Lauren","Session 1","8th","All Camp","Giving",""
"Camp","Fishing","S1","2","Danny, Sara","Danny","Sara","Sara","Session 1","4th","All Camp","Dugdale",""
"Camp","Fishing","S1","2","Debra, Logan","Debra","Logan","Logan","Session 1","4th","All Camp","Dugdale",""
"Camp","Fishing","S1","2","Danielle, Lance","Danielle","Lance","Lance","Session 1","3rd","All Camp","Fremont",""
"Camp","Fishing","S1","2","Heidi, Alvin","Heidi","Jillian","Alvin","Session 1","4th","All Camp","Dugdale",""
"Camp","Fishing","S1","2","Dakota, Stephanie","Dakota","Yolanda","Stephanie","Session 1","3rd","All Camp","Fremont",""
"Camp","Fishing","S1","2","Gregory, Grace","Gregory","Mathew","Grace","Session 1","3rd","All Camp","Fremont",""
"Camp","Fishing","S1","2","Gregory, Katrina","Gregory","Tammy","Katrina","Session 1","4th","All Camp","McCallum",""
"Camp","Fishing","S1","2","Paula, Sara","Paula","Sara","Sara","Session 1","7th","All Camp","Y's Men",""
"Camp","Fishing","S1","2","Tara, Sheri","Tara","Sheri","Sheri","Session 1","5th","All Camp","Optimist",""
"Camp","Fishing","S1","2","Jesse, Tiffany","Jesse","Tiffany","Tiffany","Session 1","8th","All Camp","Triangle",""
"Camp","Fishing","S1","2","Roberta, Randy","Roberta","Randy","Randy","Session 1","4th","All Camp","Featherstone",""
"Camp","Fishing","S1","2","Brenda, Shawn","Brenda","Shawn","Shawn","Session 1","5th","All Camp","Optimist",""
"Camp","Fishing","S1","2","Jacqueline, Sharon","Jacqueline","Sharon","Sharon","Session 1","7th","All Camp","Y's Men",""
"Camp","Fishing","S1","2","Jodi-Rhonda, Destiny","Jodi-Rhonda","Destiny","Destiny","Session 1","8th","All Camp","Triangle",""
"Camp","Fishing","S1","2","Kimberly, Reginald","Kimberly","Gabriel","Reginald","Session 1","4th","All Camp","Dugdale",""
"Camp","Fishing","S1","2","Jerry, Lindsey","Jerry","Lindsey","Lindsey","Session 1 and Session 2A","4th","All Camp","Dugdale",""
"Camp","Fishing","S1","2","Maria, Theodore","Maria","Theodore","Theodore","Session 1 and Session 6","7th","All Camp","Y's Men",""
"Camp","Fishing","S1","2","Connor, Monica","Connor","Dawn","Monica","Session 1 and Session 2A","5th","All Camp","Optimist",""
"Camp","Fishing","S1","2","Justin, Amanda","Justin","Natalie","Amanda","Session 1","8th","All Camp","Triangle",""
"Camp","Fishing","S1","3","Ariel-Sandra, Lori","Ariel-Sandra","Lori","Lori","Session 1","5th","All Camp","Optimist",""
"Camp","Fishing","S1","3","Heidi, Amy","Heidi","Amy","Amy","Session 1","7th","All Camp","Y's Men",""
"Camp","Fishing","S1","3","Jenna, Kendra","Jenna","Yolanda","Kendra","Session 1","5th","All Camp","Featherstone",""
"Camp","Fishing","S1","3","Mark, Michael","Mark","Michael","Michael","Session 1","7th","All Camp","Kiwanis",""
"Camp","Fishing","S1","3","Andrea, Alexa","Andrea","Alexa","Alexa","Session 1","6th","All Camp","Ben Snyder",""
"Camp","Fishing","S1","3","Frank-Marvin, Susan","Frank-Marvin","Alexa","Susan","Session 1","6th","All Camp","Alumni",""
"Camp","Fishing","S1","3","Perry, Jeremiah","Perry","Jeremiah","Jeremiah","Session 1","6th","All Camp","Lions",""
"Camp","Fishing","S1","3","Ruth, Katie","Ruth","Katie","Katie","Session 1","4th","All Camp","Friendship",""
"Camp","Fishing","S1","3","Karl, Victoria","Karl","Victoria","Victoria","Session 1","7th","All Camp","Kiwanis",""
"Camp","Fishing","S1","3","Hunter, Aaron","Hunter","Aaron","Aaron","Session 1","5th","All Camp","Metz",""
"Camp","Fishing","S1","3","Kevin, Amber","Kevin","Ann","Amber","Session 1","5th","All Camp","Metz",""
"Camp","Fishing","S1","3","Joseph Andrea, Janice","Joseph Andrea","Janice","Janice","Session 1","6th","All Camp","Ben Snyder",""
"Camp","Fishing","S1","3","Angela, Bryan","Angela","Bryan","Bryan","Session 1","4th","All Camp","Steffek",""
"Camp","Fishing","S1","3","Gary, Lindsey","Gary","Lindsey","Lindsey","Session 1","7th","All Camp","Y's Men",""
"Camp","Fishing","S1","3","Patrick, Deborah","Patrick","Rebecca","Deborah","Session 1 and Session 2A","5th","All Camp","Metz",""
"Camp","Fishing","S1","3","Jack, Helen","Jack","Laurie","Helen","Session 1","5th","All Camp","Christopher",""
"Camp","Fishing","S1","3","Sherry, Katherine","Sherry","Katherine","Katherine","Session 1","5th","All Camp","Featherstone",""
"Camp","Fishing","S1","3","George, Colleen","George","Colin","Colleen","Session 1","3rd","All Camp","Fremont",""
"Camp","Fishing","S1","3","Hayden, Alexis","Hayden","Alexis","Alexis","Session 1","6th","All Camp","Ben Snyder",""
"Camp","Fishing","S1","3","Diane, Jacob","Diane","Brittany","Jacob","Session 1","3rd","All Camp","Steffek",""
"Camp","Horseback Riding","S1","1","Danielle, Lance","Danielle","Lance","Lance","Session 1","3rd","All Camp","Fremont",""
"Camp","Horseback Riding","S1","1","Stephanie, Patricia Stephanie","Stephanie","Patricia","Patricia Stephanie","Session 1","5th","All Camp","Featherstone",""
"Camp","Horseback Riding","S1","1","Thomas, Anna","Thomas","Anna","Anna","Session 1","3rd","All Camp","Steffek",""
"Camp","Horseback Riding","S1","1","Holly, Phillip","Holly","Phillip","Phillip","Session 1","6th","All Camp","Codor",""
"Camp","Horseback Riding","S1","1","Jared Olivia, Edward","Jared Olivia","Edward","Edward","Session 1","3rd","All Camp","Steffek",""
"Camp","Horseback Riding","S1","1","Perry, Jeremiah","Perry","Jeremiah","Jeremiah","Session 1","6th","All Camp","Lions",""
"Camp","Horseback Riding","S1","1","Perry, Anthony","Perry","Anthony","Anthony","Session 1","4th","All Camp","Dugdale",""
"Camp","Horseback Riding","S1","1","Ruth, Ashley","Ruth","Ashley","Ashley","Session 1","3rd","All Camp","Friendship",""
"Camp","Horseback Riding","S1","1","Hunter, Kelli","Hunter","Kelli","Kelli","Session 1","3rd","All Camp","Friendship",""
"Camp","Horseback Riding","S1","1","Dawn, Diana","Dawn","Diana","Diana","Session 1","7th","All Camp","Kiwanis",""
"Camp","Horseback Riding","S1","2","Travis, Todd","Travis","Todd","Todd","Session 1","4th","All Camp","McCallum",""
"Camp","Horseback Riding","S1","2","Jenna, Kendra","Jenna","Yolanda","Kendra","Session 1","5th","All Camp","Featherstone",""
"Camp","Horseback Riding","S1","2","Thomas, Matthew","Thomas","Matthew","Matthew","Session 1","5th","All Camp","Christopher",""
"Camp","Horseback Riding","S1","2","Debbie, Austin","Debbie","Austin","Austin","Session 1","6th","All Camp","Alumni",""
"Camp","Horseback Riding","S1","2","David, Christopher","David","Christopher","Christopher","Session 1 and Session 6","3rd","All Camp","Friendship",""
"Camp","Horseback Riding","S1","2","Kevin, Amber","Kevin","Ann","Amber","Session 1","5th","All Camp","Metz",""
"Camp","Horseback Riding","S1","2","Brandi, Cory","Brandi","Cory","Cory","Session 1","6th","All Camp","Codor",""
"Camp","Horseback Riding","S1","2","Nancy Cameron, John","Nancy Cameron","John","John","Session 1","7th","All Camp","Y's Men",""
"Camp","Horseback Riding","S1","2","Justin, Philip","Justin","Philip","Philip","Session 1","4th","All Camp","McCallum",""
"Camp","Horseback Riding","S1","2","Hayden, Alexis","Hayden","Alexis","Alexis","Session 1","6th","All Camp","Ben Snyder",""
"Camp","Horseback Riding","S1","3","Erika, Sabrina","Erika","Sabrina","Sabrina","Session 1","4th","All Camp","McCallum",""
"Camp","Horseback Riding","S1","3","Duane, Tracy","Duane","William Tanya","Tracy","Session 1","6th","All Camp","Alumni",""
"Camp","Horseback Riding","S1","3","Margaret, Mackenzie","Margaret","Mackenzie","Mackenzie","Session 1","8th","All Camp","Giving",""
"Camp","Horseback Riding","S1","3","Ruth, Christine","Ruth","Christine","Christine","Session 1","5th","All Camp","Christopher",""
"Camp","Horseback Riding","S1","3","Benjamin, Dave","Benjamin","Dave","Dave","Session 1 and Session 2A","6th","All Camp","Codor",""
"Camp","Horseback Riding","S1","3","Sarah, Alejandro","Sarah","Alejandro","Alejandro","Session 1","6th","All Camp","Codor",""
"Camp","Horseback Riding","S1","3","Karen, Kaitlyn","Karen","Kaitlyn","Kaitlyn","Session 1","5th","All Camp","Metz",""
"Camp","Horseback Riding","S1","3","Emily, Elizabeth","Emily","Elizabeth","Elizabeth","Session 1","5th","All Camp","Christopher",""
"Camp","Horseback Riding","S1","3","Ebony, Anthony","Ebony","Kerry","Anthony","Session 1","5th","All Camp","Metz",""
"Camp","Horseback Riding","S1","3","Shelley, Ronald","Shelley","Ronald","Ronald","Session 1","7th","All Camp","Alumni",""
"Camp","Music","S1","1","Travis, Todd","Travis","Todd","Todd","Session 1","4th","All Camp","McCallum",""
"Camp","Music","S1","1","Thomas, Matthew","Thomas","Matthew","Matthew","Session 1","5th","All Camp","Christopher",""
"Camp","Music","S1","1","Frank-Marvin, Susan","Frank-Marvin","Alexa","Susan","Session 1","6th","All Camp","Alumni",""
"Camp","Music","S1","1","Jacqueline, Steven","Jacqueline","Steven","Steven","Session 1","6th","All Camp","Codor",""
"Camp","Music","S1","1","Glenn, Jill","Glenn","Jill","Jill","Session 1","5th","All Camp","Potter",""
"Camp","Music","S1","2","Jamie, Teresa","Jamie","Brianna","Teresa","Session 1","4th","All Camp","Fremont",""
"Camp","Music","S1","2","Derek, Denise","Derek","Denise","Denise","Session 1","5th","All Camp","Optimist",""
"Camp","Music","S1","2","Jaime, Ronnie","Jaime","Ronnie","Ronnie","Session 1 and Session 2A","5th","All Camp","Optimist",""
"Camp","Nature","S1","1","Daisy, Jean","Daisy","Jean","Jean","Session 1","5th","All Camp","Potter",""
"Camp","Nature","S1","1","Gilbert, Mackenzie","Gilbert","Mackenzie","Mackenzie","Session 1","5th","All Camp","Potter",""
"Camp","Nature","S1","1","Gregory, Katrina","Gregory","Tammy","Katrina","Session 1","4th","All Camp","McCallum",""
"Camp","Nature","S1","1","Cynthia, Chris","Cynthia","Chris","Chris","Session 1","5th","All Camp","Potter",""
"Camp","Nature","S1","1","Courtney, Lindsay","Courtney","Lindsay","Lindsay","Session 1","5th","All Camp","Potter",""
"Camp","Nature","S1","1","Luke, Nathaniel","Luke","Nathaniel","Nathaniel","Session 1","5th","All Camp","Potter",""
"Camp","Nature","S1","2","Fernando, Jonathan","Fernando","Jeffrey","Jonathan","Session 1","3rd","All Camp","Steffek",""
"Camp","Nature","S1","2","Stephanie, Tyler","Stephanie","Tyler","Tyler","Session 1","7th","All Camp","Kiwanis",""
"Camp","Nature","S1","2","Stephanie-Richard, Mitchell","Stephanie-Richard","Mitchell","Mitchell","Session 1","4th","All Camp","Dugdale",""
"Camp","Nature","S1","2","Frank-Marvin, Susan","Frank-Marvin","Alexa","Susan","Session 1","6th","All Camp","Alumni",""
"Camp","Nature","S1","2","Perry, Anthony","Perry","Anthony","Anthony","Session 1","4th","All Camp","Dugdale",""
"Camp","Nature","S1","2","Jack, Helen","Jack","Laurie","Helen","Session 1","5th","All Camp","Christopher",""
"Camp","Nature","S1","2","Suzanne, Nicole","Suzanne","Nicole","Nicole","Session 1 and Session 6","4th","All Camp","McCallum",""
"Camp","Nature","S1","2","Robin, Ryan","Robin","Ryan","Ryan","Session 1","5th","All Camp","Christopher",""
"Camp","Nature","S1","2","Keith, Roberta","Keith","Roberta","Roberta","Session 1","7th","All Camp","Alumni",""
"Camp","Nature","S1","3","Stacey, Matthew","Stacey","Matthew","Matthew","Session 1","5th","All Camp","Christopher",""
"Camp","Nature","S1","3","Debbie, Austin","Debbie","Austin","Austin","Session 1","6th","All Camp","Alumni",""
"Camp","Nature","S1","3","Jodi-Rhonda, Destiny","Jodi-Rhonda","Destiny","Destiny","Session 1","8th","All Camp","Triangle",""
"Camp","Nature","S1","3","Julia, Meghan","Julia","Meghan","Meghan","Session 1","5th","All Camp","Featherstone",""
"Camp","Nature","S1","3","Brandi, Andrew","Brandi","Andrew","Andrew","Session 1","4th","All Camp","McCallum",""
"Camp","Nature","S1","3","Christina, Juan","Christina","Matthew","Juan","Session 1, Session 2A and Session 6","4th","All Camp","McCallum",""
"Camp","Nature","S1","3","Connor, Monica","Connor","Dawn","Monica","Session 1 and Session 2A","5th","All Camp","Optimist",""
"Camp","Nature","S1","3","Justin, Amanda","Justin","Natalie","Amanda","Session 1","8th","All Camp","Triangle",""
"Camp","Nature","S1","3","Justin, Philip","Justin","Philip","Philip","Session 1","4th","All Camp","McCallum",""
"Camp","Nature","S1","3","Jaime, Ronnie","Jaime","Ronnie","Ronnie","Session 1 and Session 2A","5th","All Camp","Optimist",""
"Camp","Nature","S1","3","Hector, Colleen","Hector","Rachel","Colleen","Session 1","4th","All Camp","Featherstone",""
"Camp","Paddle Sports","S1","1","Lynn, Jeremy","Lynn","Jeremy","Jeremy","Session 1","5th","All Camp","Optimist",""
"Camp","Paddle Sports","S1","1","Ariel-Sandra, Lori","Ariel-Sandra","Lori","Lori","Session 1","5th","All Camp","Optimist",""
"Camp","Paddle Sports","S1","1","Joann, Christopher","Joann","Christopher","Christopher","Session 1","7th","All Camp","Giving",""
"Camp","Paddle Sports","S1","1","Brenda, Shawn","Brenda","Shawn","Shawn","Session 1","5th","All Camp","Optimist",""
"Camp","Paddle Sports","S1","1","Benjamin, Dave","Benjamin","Dave","Dave","Session 1 and Session 2A","6th","All Camp","Codor",""
"Camp","Paddle Sports","S1","1","Jerry, Lindsey","Jerry","Lindsey","Lindsey","Session 1 and Session 2A","4th","All Camp","Dugdale",""
"Camp","Paddle Sports","S1","1","Christina, Allison","Christina","Allison","Allison","Session 1 and Session 2A","7th","All Camp","Alumni",""
"Camp","Paddle Sports","S1","1","Erin, Eric","Erin","Eric","Eric","Session 1","5th","All Camp","Christopher",""
"Camp","Paddle Sports","S1","1","Maurice, Jasmin","Maurice","Jasmin","Jasmin","Session 1","4th","All Camp","Featherstone",""
"Camp","Paddle Sports","S1","1","Hector, Colleen","Hector","Rachel","Colleen","Session 1","4th","All Camp","Featherstone",""
"Camp","Paddle Sports","S1","2","Jamie, Kerri","Jamie","Nathan","Kerri","Session 1","6th","All Camp","Ben Snyder",""
"Camp","Paddle Sports","S1","2","Margaret, Mackenzie","Margaret","Mackenzie","Mackenzie","Session 1","8th","All Camp","Giving",""
"Camp","Paddle Sports","S1","2","Randall, Blake","Randall","Blake","Blake","Session 1 and Session 2A","7th","All Camp","Giving",""
"Camp","Paddle Sports","S1","3","Heidi, Alvin","Heidi","Jillian","Alvin","Session 1","4th","All Camp","Dugdale",""
"Camp","Paddle Sports","S1","3","Wesley, Brian","Wesley","Brian","Brian","Session 1","6th","All Camp","Codor",""
"Camp","Paddle Sports","S1","3","Travis, Micheal","Travis","Micheal","Micheal","Session 1","7th","All Camp","Lions",""
"Camp","Paddle Sports","S1","3","Stephanie, Erik","Stephanie","Erik","Erik","Session 1","5th","All Camp","Metz",""
"Camp","Paddle Sports","S1","3","Tara, Sheri","Tara","Sheri","Sheri","Session 1","5th","All Camp","Optimist",""
"Camp","Paddle Sports","S1","3","Cynthia, Chris","Cynthia","Chris","Chris","Session 1","5th","All Camp","Potter",""
"Camp","Paddle Sports","S1","3","Derek, Jeremiah","Derek","Jeremiah","Jeremiah","Session 1","7th","All Camp","Lions",""
"Camp","Paddle Sports","S1","3","Tamara, Kenneth","Tamara","Kenneth","Kenneth","Session 1","5th","All Camp","Potter",""
"Camp","Paddle Sports","S1","3","Kelly, James","Kelly","James","James","Session 1","6th","All Camp","Codor",""
"Camp","Paddle Sports","S1","3","Jennifer, Scott","Jennifer","Scott","Scott","Session 1","5th","All Camp","Metz",""
"Camp","Paddle Sports","S1","3","Courtney, Lindsay","Courtney","Lindsay","Lindsay","Session 1","5th","All Camp","Potter",""
"Camp","Paddle Sports","S1","3","Cindy, Trevor","Cindy","Trevor","Trevor","Session 1","5th","All Camp","Featherstone",""
"Camp","Paddle Sports","S1","3","Casey, Jesus","Casey","Jesus","Jesus","Session 1","7th","All Camp","Giving",""
"Camp","Paddle Sports","S1","3","Keith, Roberta","Keith","Roberta","Roberta","Session 1","7th","All Camp","Alumni",""
"Camp","Sailing","S1","1","Jamie, Kerri","Jamie","Nathan","Kerri","Session 1","6th","All Camp","Ben Snyder",""
"Camp","Sailing","S1","1","Jenna, Kendra","Jenna","Yolanda","Kendra","Session 1","5th","All Camp","Featherstone",""
"Camp","Sailing","S1","1","Margaret, Mackenzie","Margaret","Mackenzie","Mackenzie","Session 1","8th","All Camp","Giving",""
"Camp","Sailing","S1","1","Julie, Madeline","Julie","Morgan","Madeline","Session 1","7th","All Camp","Giving",""
"Camp","Sailing","S1","1","Gary, Lindsey","Gary","Lindsey","Lindsey","Session 1","7th","All Camp","Y's Men",""
"Camp","Sailing","S1","1","Alexandra, Mallory","Alexandra","Mallory","Mallory","Session 1","5th","All Camp","Potter",""
"Camp","Sailing","S1","1","Casey, Jesus","Casey","Jesus","Jesus","Session 1","7th","All Camp","Giving",""
"Camp","Sailing","S1","1","Randall, Blake","Randall","Blake","Blake","Session 1 and Session 2A","7th","All Camp","Giving",""
"Camp","Sailing","S1","1","Diane, Jacob","Diane","Brittany","Jacob","Session 1","3rd","All Camp","Steffek",""
"Camp","Sailing","S1","2","Lynn, Jeremy","Lynn","Jeremy","Jeremy","Session 1","5th","All Camp","Optimist",""
"Camp","Sailing","S1","2","April, Adrienne","April","Isaiah","Adrienne","Session 1","8th","All Camp","Giving",""
"Camp","Sailing","S1","2","Joann, Christopher","Joann","Christopher","Christopher","Session 1","7th","All Camp","Giving",""
"Camp","Sailing","S1","2","Megan, Lauren","Megan","Lauren","Lauren","Session 1","6th","All Camp","Codor",""
"Camp","Sailing","S1","2","Karen, Kaitlyn","Karen","Kaitlyn","Kaitlyn","Session 1","5th","All Camp","Metz",""
"Camp","Sailing","S1","2","Tamara, Kenneth","Tamara","Kenneth","Kenneth","Session 1","5th","All Camp","Potter",""
"Camp","Sailing","S1","2","Christina, Allison","Christina","Allison","Allison","Session 1 and Session 2A","7th","All Camp","Alumni",""
"Camp","Sailing","S1","2","Christina, Juan","Christina","Matthew","Juan","Session 1, Session 2A and Session 6","4th","All Camp","McCallum",""
"Camp","Skiing","S1","2","Regina, Russell","Regina","Russell","Russell","Session 1","7th","All Camp","Lions",""
"Camp","Skiing","S1","2","Wesley, Brian","Wesley","Brian","Brian","Session 1","6th","All Camp","Codor",""
"Camp","Skiing","S1","2","Travis, Micheal","Travis","Micheal","Micheal","Session 1","7th","All Camp","Lions",""
"Camp","Skiing","S1","2","Mark, Michael","Mark","Michael","Michael","Session 1","7th","All Camp","Kiwanis",""
"Camp","Skiing","S1","2","Andrea, Alexa","Andrea","Alexa","Alexa","Session 1","6th","All Camp","Ben Snyder",""
"Camp","Skiing","S1","2","Perry, Jeremiah","Perry","Jeremiah","Jeremiah","Session 1","6th","All Camp","Lions",""
"Camp","Skiing","S1","2","Derek, Jeremiah","Derek","Jeremiah","Jeremiah","Session 1","7th","All Camp","Lions",""
"Camp","Skiing","S1","2","Sarah, Alejandro","Sarah","Alejandro","Alejandro","Session 1","6th","All Camp","Codor",""
"Camp","Skiing","S1","2","Joseph Andrea, Janice","Joseph Andrea","Janice","Janice","Session 1","6th","All Camp","Ben Snyder",""
"Camp","Skiing","S1","2","Kelly, James","Kelly","James","James","Session 1","6th","All Camp","Codor",""
"Camp","Skiing","S1","2","Gary, Lindsey","Gary","Lindsey","Lindsey","Session 1","7th","All Camp","Y's Men",""
"Camp","Skiing","S1","2","Albert, Evelyn","Albert","Evelyn","Evelyn","Session 1","7th","All Camp","Lions",""
"Camp","Skiing","S1","3","Melissa, Tracey","Melissa","Tracey","Tracey","Session 1","6th","All Camp","Ben Snyder",""
"Camp","Skiing","S1","3","Holly, Phillip","Holly","Phillip","Phillip","Session 1","6th","All Camp","Codor",""
"Camp","Skiing","S1","3","Joann, Christopher","Joann","Christopher","Christopher","Session 1","7th","All Camp","Giving",""
"Camp","Skiing","S1","3","Megan, Lauren","Megan","Lauren","Lauren","Session 1","6th","All Camp","Codor",""
"Camp","Skiing","S1","3","Jacqueline, Sharon","Jacqueline","Sharon","Sharon","Session 1","7th","All Camp","Y's Men",""
"Camp","Skiing","S1","3","Devin, Beth","Devin","Beth","Beth","Session 1","7th","All Camp","Y's Men",""
"Camp","Skiing","S1","3","Marie, Alisha","Marie","Alisha","Alisha","Session 1","7th","All Camp","Kiwanis",""
"Camp","Skiing","S1","3","Maria, Theodore","Maria","Theodore","Theodore","Session 1 and Session 6","7th","All Camp","Y's Men",""
"Camp","Skiing","S1","3","Dawn, Diana","Dawn","Diana","Diana","Session 1","7th","All Camp","Kiwanis",""
"Camp","Skiing","S1","3","Miranda, Jessica","Miranda","Jessica","Jessica","Session 1","7th","All Camp","Kiwanis",""
"Camp","Skiing","S1","3","Jason, Adam","Jason","Adam","Adam","Session 1","7th","All Camp","Y's Men",""
"Camp","Skiing","S1","3","Crystal, Sydney","Crystal","Sydney","Sydney","Session 1","7th","All Camp","Kiwanis",""
"Camp","Sports","S1","1","Debra, Logan","Debra","Logan","Logan","Session 1","4th","All Camp","Dugdale",""
"Camp","Sports","S1","1","Heidi, Alvin","Heidi","Jillian","Alvin","Session 1","4th","All Camp","Dugdale",""
"Camp","Sports","S1","1","Peter, Heather","Peter","Heather","Heather","Session 1","6th","All Camp","Lions",""
"Camp","Sports","S1","1","Regina, Russell","Regina","Russell","Russell","Session 1","7th","All Camp","Lions",""
"Camp","Sports","S1","1","Dakota, Stephanie","Dakota","Yolanda","Stephanie","Session 1","3rd","All Camp","Fremont",""
"Camp","Sports","S1","1","Stephanie, Erik","Stephanie","Erik","Erik","Session 1","5th","All Camp","Metz",""
"Camp","Sports","S1","1","Gregory, Grace","Gregory","Mathew","Grace","Session 1","3rd","All Camp","Fremont",""
"Camp","Sports","S1","1","Paula, Sara","Paula","Sara","Sara","Session 1","7th","All Camp","Y's Men",""
"Camp","Sports","S1","1","Sean, Donna","Sean","Donna","Donna","Session 1","6th","All Camp","Ben Snyder",""
"Camp","Sports","S1","1","Tara, Sheri","Tara","Sheri","Sheri","Session 1","5th","All Camp","Optimist",""
"Camp","Sports","S1","1","Marie, Alisha","Marie","Alisha","Alisha","Session 1","7th","All Camp","Kiwanis",""
"Camp","Sports","S1","1","Kimberly, Reginald","Kimberly","Gabriel","Reginald","Session 1","4th","All Camp","Dugdale",""
"Camp","Sports","S1","1","Jennifer, Scott","Jennifer","Scott","Scott","Session 1","5th","All Camp","Metz",""
"Camp","Sports","S1","1","Jennifer, Diana","Jennifer","Diana","Diana","Session 1","7th","All Camp","Kiwanis",""
"Camp","Sports","S1","1","Sherry, Katherine","Sherry","Katherine","Katherine","Session 1","5th","All Camp","Featherstone",""
"Camp","Sports","S1","1","Miranda, Jessica","Miranda","Jessica","Jessica","Session 1","7th","All Camp","Kiwanis",""
"Camp","Sports","S1","1","Crystal, Sydney","Crystal","Sydney","Sydney","Session 1","7th","All Camp","Kiwanis",""
"Camp","Sports","S1","1","Hayden, Alexis","Hayden","Alexis","Alexis","Session 1","6th","All Camp","Ben Snyder",""
"Camp","Sports","S1","2","Ariel-Sandra, Lori","Ariel-Sandra","Lori","Lori","Session 1","5th","All Camp","Optimist",""
"Camp","Sports","S1","2","Derrick-Jillian, Terri","Derrick-Jillian","Terri","Terri","Session 1","8th","All Camp","Triangle",""
"Camp","Sports","S1","2","Brittney, Brooke","Brittney","Brooke","Brooke","Session 1","5th","All Camp","Featherstone",""
"Camp","Sports","S1","2","Donald, Pamela","Donald","Joshua","Pamela","Session 1","3rd","All Camp","Steffek",""
"Camp","Sports","S1","2","Jasmine, Adriana","Jasmine","Adriana","Adriana","Session 1","6th","All Camp","Ben Snyder",""
"Camp","Sports","S1","2","Timothy, Mary","Timothy","Robert","Mary","Session 1","4th","All Camp","Dugdale",""
"Camp","Sports","S1","2","Duane, Tracy","Duane","William Tanya","Tracy","Session 1","6th","All Camp","Alumni",""
"Camp","Sports","S1","2","Sean, Nicholas","Sean","Nicholas","Nicholas","Session 1","3rd","All Camp","Fremont",""
"Camp","Sports","S1","2","Cynthia, Chris","Cynthia","Chris","Chris","Session 1","5th","All Camp","Potter",""
"Camp","Sports","S1","2","Tricia, Darryl","Tricia","Darryl","Darryl","Session 1","8th","All Camp","Triangle",""
"Camp","Sports","S1","2","Karl, Victoria","Karl","Victoria","Victoria","Session 1","7th","All Camp","Kiwanis",""
"Camp","Sports","S1","2","Hunter, Aaron","Hunter","Aaron","Aaron","Session 1","5th","All Camp","Metz",""
"Camp","Sports","S1","2","Glenn, Jill","Glenn","Jill","Jill","Session 1","5th","All Camp","Potter",""
"Camp","Sports","S1","2","Desiree, Aaron","Desiree","Mia","Aaron","Session 1","5th","All Camp","Metz",""
"Camp","Sports","S1","2","Lisa, Kristy","Lisa","Kristy","Kristy","Session 1","6th","All Camp","Alumni",""
"Camp","Sports","S1","2","Courtney, Lindsay","Courtney","Lindsay","Lindsay","Session 1","5th","All Camp","Potter",""
"Camp","Sports","S1","2","Stephen, Shane Larry","Stephen","Jimmy","Shane Larry","Session 1","8th","All Camp","Triangle",""
"Camp","Sports","S1","2","Hector, Colleen","Hector","Rachel","Colleen","Session 1","4th","All Camp","Featherstone",""
"Camp","Sports","S1","3","Danny, Sara","Danny","Sara","Sara","Session 1","4th","All Camp","Dugdale",""
"Camp","Sports","S1","3","Billy, Daniel","Billy","Daniel","Daniel","Session 1","5th","All Camp","Optimist",""
"Camp","Sports","S1","3","Kyle, Meagan","Kyle","Meagan","Meagan","Session 1","4th","All Camp","Friendship",""
"Camp","Sports","S1","3","Roberta, Randy","Roberta","Randy","Randy","Session 1","4th","All Camp","Featherstone",""
"Camp","Sports","S1","3","Jared Olivia, Edward","Jared Olivia","Edward","Edward","Session 1","3rd","All Camp","Steffek",""
"Camp","Sports","S1","3","Alison, Kathy","Alison","Laura","Kathy","Session 1 and Session 4","6th","All Camp","Codor",""
"Camp","Sports","S1","3","Derek, Denise","Derek","Denise","Denise","Session 1","5th","All Camp","Optimist",""
"Camp","Sports","S1","3","Charles, Tina","Charles","Tina","Tina","Session 1","6th","All Camp","Ben Snyder",""
"Camp","Sports","S1","3","Luke, Nathaniel","Luke","Nathaniel","Nathaniel","Session 1","5th","All Camp","Potter",""
"Camp","Sports","S1","3","Alexandra, Mallory","Alexandra","Mallory","Mallory","Session 1","5th","All Camp","Potter",""
"Camp","Sports","S1","3","Stacy, Kari","Stacy","Kari","Kari","Session 1","4th","All Camp","Fremont",""
"Camp","Sports","S1","3","Albert, Evelyn","Albert","Evelyn","Evelyn","Session 1","7th","All Camp","Lions",""
"Camp","Sports","S1","3","Randall, Blake","Randall","Blake","Blake","Session 1 and Session 2A","7th","All Camp","Giving",""
"Camp","Sports","S1","3","Shannon, Sydney","Shannon","Sydney","Sydney","Session 1","7th","All Camp","Lions",""
"Camp","Swimming","S1","1","Haley, Dave","Haley","Dave","Dave","Session 1","3rd","All Camp","Friendship",""
"Camp","Swimming","S1","1","Danny, Sara","Danny","Sara","Sara","Session 1","4th","All Camp","Dugdale",""
"Camp","Swimming","S1","1","Jamie, Teresa","Jamie","Brianna","Teresa","Session 1","4th","All Camp","Fremont",""
"Camp","Swimming","S1","1","Brittney, Brooke","Brittney","Brooke","Brooke","Session 1","5th","All Camp","Featherstone",""
"Camp","Swimming","S1","1","Donald, Pamela","Donald","Joshua","Pamela","Session 1","3rd","All Camp","Steffek",""
"Camp","Swimming","S1","1","Fernando, Jonathan","Fernando","Jeffrey","Jonathan","Session 1","3rd","All Camp","Steffek",""
"Camp","Swimming","S1","1","Tonya, Carolyn","Tonya","Carolyn","Carolyn","Session 1","3rd","All Camp","Fremont",""
"Camp","Swimming","S1","1","Timothy, Mary","Timothy","Robert","Mary","Session 1","4th","All Camp","Dugdale",""
"Camp","Swimming","S1","1","Erika, Sabrina","Erika","Sabrina","Sabrina","Session 1","4th","All Camp","McCallum",""
"Camp","Swimming","S1","1","Sean, Nicholas","Sean","Nicholas","Nicholas","Session 1","3rd","All Camp","Fremont",""
"Camp","Swimming","S1","1","Roberta, Randy","Roberta","Randy","Randy","Session 1","4th","All Camp","Featherstone",""
"Camp","Swimming","S1","1","Julia, Meghan","Julia","Meghan","Meghan","Session 1","5th","All Camp","Featherstone",""
"Camp","Swimming","S1","1","Angela, Bryan","Angela","Bryan","Bryan","Session 1","4th","All Camp","Steffek",""
"Camp","Swimming","S1","1","Brandi, Andrew","Brandi","Andrew","Andrew","Session 1","4th","All Camp","McCallum",""
"Camp","Swimming","S1","1","Michelle, Linda","Michelle","Linda","Linda","Session 1","5th","All Camp","Christopher",""
"Camp","Swimming","S1","1","George, Colleen","George","Colin","Colleen","Session 1","3rd","All Camp","Fremont",""
"Camp","Swimming","S1","1","Jaime, Janet","Jaime","Janet","Janet","Session 1","3rd","All Camp","Steffek",""
"Camp","Swimming","S1","2","Peter, Heather","Peter","Heather","Heather","Session 1","6th","All Camp","Lions",""
"Camp","Swimming","S1","2","Daisy, Jean","Daisy","Jean","Jean","Session 1","5th","All Camp","Potter",""
"Camp","Swimming","S1","2","Gilbert, Mackenzie","Gilbert","Mackenzie","Mackenzie","Session 1","5th","All Camp","Potter",""
"Camp","Swimming","S1","2","Stephanie, Patricia Stephanie","Stephanie","Patricia","Patricia Stephanie","Session 1","5th","All Camp","Featherstone",""
"Camp","Swimming","S1","2","Stephanie, Erik","Stephanie","Erik","Erik","Session 1","5th","All Camp","Metz",""
"Camp","Swimming","S1","2","Caleb, Jay","Caleb","Susan","Jay","Session 1 and Session 2A","4th","All Camp","Friendship",""
"Camp","Swimming","S1","2","Jared Olivia, Edward","Jared Olivia","Edward","Edward","Session 1","3rd","All Camp","Steffek",""
"Camp","Swimming","S1","2","Jacqueline, Steven","Jacqueline","Steven","Steven","Session 1","6th","All Camp","Codor",""
"Camp","Swimming","S1","2","Ruth, Katie","Ruth","Katie","Katie","Session 1","4th","All Camp","Friendship",""
"Camp","Swimming","S1","2","Ruth, Ashley","Ruth","Ashley","Ashley","Session 1","3rd","All Camp","Friendship",""
"Camp","Swimming","S1","2","Hunter, Kelli","Hunter","Kelli","Kelli","Session 1","3rd","All Camp","Friendship",""
"Camp","Swimming","S1","2","Patrick, Deborah","Patrick","Rebecca","Deborah","Session 1 and Session 2A","5th","All Camp","Metz",""
"Camp","Swimming","S1","2","Sherry, Katherine","Sherry","Katherine","Katherine","Session 1","5th","All Camp","Featherstone",""
"Camp","Swimming","S1","2","Luke, Nathaniel","Luke","Nathaniel","Nathaniel","Session 1","5th","All Camp","Potter",""
"Camp","Swimming","S1","2","Shannon, Sydney","Shannon","Sydney","Sydney","Session 1","7th","All Camp","Lions",""
"Camp","Swimming","S1","3","Gloria Mckenzie, Lauren","Gloria Mckenzie","Lauren","Lauren","Session 1","8th","All Camp","Giving",""
"Camp","Swimming","S1","3","Peter, Raymond","Peter","Raymond","Raymond","Session 1","8th","All Camp","Triangle",""
"Camp","Swimming","S1","3","Stephanie, Tyler","Stephanie","Tyler","Tyler","Session 1","7th","All Camp","Kiwanis",""
"Camp","Swimming","S1","3","Jesse, Tiffany","Jesse","Tiffany","Tiffany","Session 1","8th","All Camp","Triangle",""
"Camp","Swimming","S1","3","Tricia, Darryl","Tricia","Darryl","Darryl","Session 1","8th","All Camp","Triangle",""
"Camp","Swimming","S1","3","Connie, Vanessa","Connie","Vanessa","Vanessa","Session 1","7th","All Camp","Kiwanis",""
"Camp","Swimming","S1","3","Ashlee, Kristine","Ashlee","Kristine","Kristine","Session 1","7th","All Camp","Giving",""
